1st Floor,Room 102,Approved,Rejected
1st Floor,Room 101,Rejected,Rejected
1st Floor,Room 101,Approved,Rejected
3rd Floor,Room 301,Rejected,Rejected
king,1st Floor,Room 101,Rejected
hhh,2nd Floor,Approved,Approved
big,2nd Floor,Approved,Rejected
fff,3rd Floor,Room 301,Approved
หหหหห,1st Floor,Room 101,Approved
2nd Floor,Room 202,Rejected,Rejected
3rd Floor,Room 302,ก,Approved
2nd Floor,Room 201,พำำำ,Approved
3rd Floor,Room 303,ddd,Approved
1st Floor,Room 103,เ้่าสสนส,Approved
2nd Floor,Room 203,ดดด,Approved
